{
  "formatVersion": 1,
  "database": {
    "version": 1,
    "identityHash": "40f47e3f5d0a620cb6e2db4f70238032",
    "entities": [
      {
        "tableName": "receitas",
        "createSql": "CREATE TABLE IF NOT EXISTS `${TABLE_NAME}` (`id` INTEGER PRIMARY KEY AUTOINCREMENT NOT NULL, `nome` TEXT NOT NULL, `ingredientes` TEXT, `modo_preparo` TEXT, `tempo_preparo` TEXT, `categoria` INTEGER NOT NULL, `favorita` INTEGER NOT NULL)",
        "fields": [
          {
            "fieldPath": "id",
            "columnName": "id",
            "affinity": "INTEGER",
            "notNull": true
          },
          {
            "fieldPath": "nome",
            "columnName": "nome",
            "affinity": "TEXT",
            "notNull": true
          },
          {
            "fieldPath": "ingredientes",
            "columnName": "ingredientes",
            "affinity": "TEXT",
            "notNull": false
          },
          {
            "fieldPath": "modoPreparo",
            "columnName": "modo_preparo",
            "affinity": "TEXT",
            "notNull": false
          },
          {
            "fieldPath": "tempoPreparo",
            "columnName": "tempo_preparo",
            "affinity": "TEXT",
            "notNull": false
          },
          {
            "fieldPath": "categoria",
            "columnName": "categoria",
            "affinity": "INTEGER",
            "notNull": true
          },
          {
            "fieldPath": "favorita",
            "columnName": "favorita",
            "affinity": "INTEGER",
            "notNull": true
          }
        ],
        "primaryKey": {
          "autoGenerate": true,
          "columnNames": [
            "id"
          ]
        },
        "indices": [
          {
            "name": "index_receitas_nome",
            "unique": false,
            "columnNames": [
              "nome"
            ],
            "orders": [],
            "createSql": "CREATE INDEX IF NOT EXISTS `index_receitas_nome` ON `${TABLE_NAME}` (`nome`)"
          }
        ],
        "foreignKeys": []
      }
    ],
    "views": [],
    "setupQueries": [
      "CREATE TABLE IF NOT EXISTS room_master_table (id INTEGER PRIMARY KEY,identity_hash TEXT)",
      "INSERT OR REPLACE INTO room_master_table (id,identity_hash) VALUES(42, '40f47e3f5d0a620cb6e2db4f70238032')"
    ]
  }
}