<?xml version="1.0" encoding="UTF-8"?>
<con:soapui-project id="b08b1c1b-652e-4ea2-bcd3-361f45f079a0" activeEnvironment="Default" name="REST Project - Wady Jorge" resourceRoot="" soapui-version="5.8.0" xmlns:con="http://eviware.com/soapui/config"><con:settings/><con:interface xsi:type="con:RestService" id="a9799e61-8da3-4b30-a4be-1090d55d8d81" wadlVersion="http://wadl.dev.java.net/2009/02" name="https://api.fastforex.io" type="rest" xmlns:xsi="http://www.w3.org/2001/XMLSchema-instance"><con:settings/><con:definitionCache type="TEXT" rootPart=""/><con:endpoints><con:endpoint>https://api.fastforex.io</con:endpoint></con:endpoints><con:resource name="fetch-one" path="/fetch-one" id="e0bca562-0957-4796-adf6-ea1536490a36"><con:settings/><con:parameters><con:parameter><con:name>from</con:name><con:style>QUERY</con:style></con:parameter><con:parameter><con:name>to</con:name><con:value/><con:style>QUERY</con:style><con:default/><con:description xsi:nil="true"/></con:parameter><con:parameter><con:name>api_key</con:name><con:value/><con:style>QUERY</con:style><con:default/><con:description xsi:nil="true"/></con:parameter></con:parameters><con:method name="ConvertBRLtoUSD" id="912a7701-f841-4b25-9071-d57fe58f4ab4" method="GET"><con:settings/><con:parameters/><con:representation type="RESPONSE"><con:mediaType>application/json</con:mediaType><con:status>200</con:status><con:params/><con:element xmlns:fet="https://api.fastforex.io/fetch-one">fet:Response</con:element></con:representation><con:request name="FetchBRLtoUSD" id="9cded119-6c6c-405c-a4df-9a2de6caf725" mediaType="application/json"><con:settings><con:setting id="com.eviware.soapui.impl.wsdl.WsdlRequest@request-headers">&lt;xml-fragment/></con:setting></con:settings><con:endpoint>https://api.fastforex.io</con:endpoint><con:request/><con:originalUri>https://api.fastforex.io/fetch-one</con:originalUri><con:credentials><con:authType>No Authorization</con:authType></con:credentials><con:jmsConfig JMSDeliveryMode="PERSISTENT"/><con:jmsPropertyConfig/><con:parameters>
  <con:entry key="api_key" value="e7a98d1347-f748246cef-sru8in"/>
  <con:entry key="from" value="BRL"/>
  <con:entry key="to" value="USD  "/>
</con:parameters><con:parameterOrder><con:entry>from</con:entry><con:entry>to</con:entry><con:entry>api_key</con:entry></con:parameterOrder></con:request></con:method><con:method name="ConvertEURtoBRL" id="7346e58c-d97b-4553-ad62-55ad457d9c04" method="GET"><con:settings/><con:parameters><con:parameter><con:name>from</con:name><con:value>EUR</con:value><con:style>QUERY</con:style><con:default>EUR</con:default><con:path xsi:nil="true"/><con:description xsi:nil="true"/></con:parameter><con:parameter><con:name>to</con:name><con:value>BRL</con:value><con:style>QUERY</con:style><con:default>BRL</con:default><con:path xsi:nil="true"/><con:description xsi:nil="true"/></con:parameter><con:parameter><con:name>api_key</con:name><con:value>e7a98d1347-f748246cef-sru8in</con:value><con:style>QUERY</con:style><con:default>e7a98d1347-f748246cef-sru8in</con:default><con:path xsi:nil="true"/><con:description xsi:nil="true"/></con:parameter></con:parameters><con:representation type="RESPONSE"><con:mediaType>application/json</con:mediaType><con:status>200</con:status><con:params/><con:element xmlns:fet="https://api.fastforex.io/fetch-one">fet:Response</con:element></con:representation><con:request name="FetchEURtoBRL" id="d714dd4f-1aeb-4f7b-a538-86c3f87f29ae" mediaType="application/json"><con:settings><con:setting id="com.eviware.soapui.impl.wsdl.WsdlRequest@request-headers">&lt;xml-fragment/></con:setting></con:settings><con:endpoint>https://api.fastforex.io</con:endpoint><con:request/><con:originalUri>https://api.fastforex.io/fetch-one</con:originalUri><con:credentials><con:authType>No Authorization</con:authType></con:credentials><con:jmsConfig JMSDeliveryMode="PERSISTENT"/><con:jmsPropertyConfig/><con:parameters/></con:request></con:method></con:resource></con:interface><con:properties/><con:wssContainer/><con:oAuth2ProfileContainer/><con:oAuth1ProfileContainer/><con:sensitiveInformation/></con:soapui-project>